{"IcoMoonType":"selection","icons":[{"icon":{"paths":["M750.507 213.333l-238.507 238.507-238.507-238.507-60.16 60.16 238.507 238.507-238.507 238.507 60.16 60.16 238.507-238.507 238.507 238.507 60.16-60.16-238.507-238.507 238.507-238.507-60.16-60.16z"],"attrs":[{}],"isMulticolor":false,"isMulticolor2":false,"grid":0,"tags":["fi-close"]},"attrs":[{}],"properties":{"order":2,"id":0,"name":"close","prevSize":32,"code":59649},"setIdx":0,"setId":3,"iconIdx":0},{"icon":{"paths":["M796.885 836.561l-243.84-243.883c-108.471 77.12-257.944 58.253-343.856-43.396s-79.604-252.173 14.512-346.278c94.091-94.147 244.629-100.482 346.3-14.575s120.542 235.393 43.418 343.876l243.84 243.883-60.373 60.373zM404.693 213.328c-80.909-0.018-150.712 56.776-167.148 135.998s25.013 159.098 99.252 191.265c74.238 32.171 160.863 7.791 207.425-58.377 46.566-66.164 40.273-155.933-15.070-214.955l25.813 25.6-29.611-29.525c-31.923-32.121-75.375-50.128-120.661-50.006z"],"attrs":[{}],"isMulticolor":false,"isMulticolor2":false,"tags":["search"],"grid":0},"attrs":[{}],"properties":{"order":3,"id":0,"name":"search","prevSize":32,"code":59648},"setIdx":1,"setId":2,"iconIdx":0}],"height":1024,"metadata":{"name":"Bintang-Fotocopy"},"preferences":{"showGlyphs":true,"showCodes":true,"showQuickUse":true,"showQuickUse2":true,"showSVGs":true,"fontPref":{"prefix":"fi-","metadata":{"fontFamily":"Bintang-Fotocopy","majorVersion":1,"minorVersion":0},"metrics":{"emSize":1024,"baseline":6.25,"whitespace":50},"embed":false,"ie7":true,"noie8":false,"showSelector":false,"selector":"i","showMetrics":false},"imagePref":{"prefix":"icon-","png":true,"useClassSelector":true,"color":0,"bgColor":16777215,"name":"icomoon","classSelector":".icon"},"historySize":50}}